project,class,root_path
a4j,net.kencochrane.a4j.A4j,../SF110/2_a4j/
a4j,net.kencochrane.a4j.file.FileUtil,../SF110/2_a4j/
a4j,net.kencochrane.a4j.util.LoadProperties,../SF110/2_a4j/
a4j,net.kencochrane.a4j.util.a4jUtil,../SF110/2_a4j/
a4j,net.kencochrane.a4j.DAO.Product,../SF110/2_a4j/
a4j,net.kencochrane.a4j.DAO.Cart,../SF110/2_a4j/
a4j,net.kencochrane.a4j.DAO.Search,../SF110/2_a4j/
a4j,net.kencochrane.a4j.data.Query,../SF110/2_a4j/
a4j,net.kencochrane.a4j.beans.ProductInfo,../SF110/2_a4j/
a4j,net.kencochrane.a4j.beans.BlendedSearch,../SF110/2_a4j/
a4j,net.kencochrane.a4j.beans.ProductDetails,../SF110/2_a4j/
a4j,net.kencochrane.a4j.beans.FullProduct,../SF110/2_a4j/
a4j,net.kencochrane.a4j.beans.ShoppingCart,../SF110/2_a4j/
a4j,net.kencochrane.a4j.beans.ListingProductDetails,../SF110/2_a4j/
a4j,net.kencochrane.a4j.beans.Platforms,../SF110/2_a4j/
a4j,net.kencochrane.a4j.beans.Authors,../SF110/2_a4j/
a4j,net.kencochrane.a4j.beans.Features,../SF110/2_a4j/
a4j,net.kencochrane.a4j.beans.Lists,../SF110/2_a4j/
a4j,net.kencochrane.a4j.beans.FeedBack,../SF110/2_a4j/
a4j,net.kencochrane.a4j.beans.Tracks,../SF110/2_a4j/
a4j,net.kencochrane.a4j.beans.SellerProfileDetails,../SF110/2_a4j/
a4j,net.kencochrane.a4j.beans.Starring,../SF110/2_a4j/
a4j,net.kencochrane.a4j.beans.Artists,../SF110/2_a4j/
a4j,net.kencochrane.a4j.beans.SellerFeedback,../SF110/2_a4j/
a4j,net.kencochrane.a4j.beans.Items,../SF110/2_a4j/
a4j,net.kencochrane.a4j.beans.ThirdPartyProductDetails,../SF110/2_a4j/
a4j,net.kencochrane.a4j.beans.Accessories,../SF110/2_a4j/
a4j,net.kencochrane.a4j.beans.SellerProfile,../SF110/2_a4j/
a4j,net.kencochrane.a4j.beans.ThirdPartyProductInfo,../SF110/2_a4j/
a4j,net.kencochrane.a4j.beans.CustomerReview,../SF110/2_a4j/
a4j,net.kencochrane.a4j.beans.ProductLine,../SF110/2_a4j/
a4j,net.kencochrane.a4j.beans.MiniProduct,../SF110/2_a4j/
a4j,net.kencochrane.a4j.beans.SimilarProducts,../SF110/2_a4j/
a4j,net.kencochrane.a4j.beans.ModeList,../SF110/2_a4j/
a4j,net.kencochrane.a4j.beans.BrowseList,../SF110/2_a4j/
a4j,net.kencochrane.a4j.beans.Item,../SF110/2_a4j/
a4j,net.kencochrane.a4j.beans.RecentlyViewed,../SF110/2_a4j/
a4j,net.kencochrane.a4j.beans.Directors,../SF110/2_a4j/
a4j,net.kencochrane.a4j.beans.BrowseNode,../SF110/2_a4j/
a4j,net.kencochrane.a4j.beans.Reviews,../SF110/2_a4j/
gaj,brain.ga.GAUtilities,../SF110/3_gaj/
gaj,brain.ga.VectorGenome,../SF110/3_gaj/
gaj,brain.ga.SectMutator,../SF110/3_gaj/
gaj,brain.ga.RankSelector,../SF110/3_gaj/
gaj,brain.ga.Population,../SF110/3_gaj/
gaj,brain.ga.GAEnumAllelesSet,../SF110/3_gaj/
gaj,brain.ga.Genome,../SF110/3_gaj/
gaj,brain.ga.UniformCrossover,../SF110/3_gaj/
gaj,brain.ga.GAAlgorithm,../SF110/3_gaj/
jnfe,br.com.jnfe.base.DefaultNamespacePrefixMapper,../SF110/6_jnfe/
jnfe,br.com.jnfe.base.TransportKeyStoreBean,../SF110/6_jnfe/
jnfe,br.com.jnfe.base.util.SecurityUtils,../SF110/6_jnfe/
jnfe,br.com.jnfe.base.service.DOMNFeSignatureHandler,../SF110/6_jnfe/
jnfe,br.com.jnfe.base.service.NFeCalculatorImpl,../SF110/6_jnfe/
jnfe,br.com.jnfe.base.service.DOMNFeSignatureBuilder,../SF110/6_jnfe/
jnfe,br.com.jnfe.base.service.LoggingFaultMessageResolver,../SF110/6_jnfe/
jnfe,br.com.jnfe.base.service.DOMNFeSigantureFactoryBean,../SF110/6_jnfe/
jnfe,br.com.jnfe.base.service.Pkcs12SecurityHandlerBean,../SF110/6_jnfe/
jnfe,br.com.jnfe.base.service.DOMNFeKeyInfoBuilder,../SF110/6_jnfe/
jnfe,br.com.jnfe.base.TProvince,../SF110/6_jnfe/
jnfe,br.com.jnfe.base.service.SimpleSecurityHandlerBean,../SF110/6_jnfe/
rif,com.densebrain.rif.server.RIFImplementationManager,../SF110/4_rif/
rif,com.densebrain.rif.server.transport.WebServiceContainer,../SF110/4_rif/
rif,com.densebrain.rif.server.transport.WebServiceDescriptor,../SF110/4_rif/
rif,com.densebrain.rif.server.RIFServer,../SF110/4_rif/
rif,com.densebrain.rif.client.RIFManager,../SF110/4_rif/
rif,com.densebrain.rif.client.RIFManagerFactory,../SF110/4_rif/
rif,com.densebrain.rif.client.RIFInvoker,../SF110/4_rif/
rif,com.densebrain.rif.client.service.types.Invoke,../SF110/4_rif/
rif,com.densebrain.rif.util.ObjectUtility,../SF110/4_rif/
rif,com.densebrain.rif.client.service.types.InvokeResponse,../SF110/4_rif/
sfmis,com.hf.sfm.system.business.MenuManage,../SF110/7_sfmis/
sfmis,com.hf.sfm.system.business.WorkerMgr,../SF110/7_sfmis/
sfmis,com.hf.sfm.system.business.Login,../SF110/7_sfmis/
sfmis,com.hf.sfm.sfmis.personinfo.business.PersonInfoMgr,../SF110/7_sfmis/
sfmis,com.hf.sfm.filter.setCharacterEncodingFilter,../SF110/7_sfmis/
sfmis,com.hf.sfm.crypt.Base64,../SF110/7_sfmis/
sfmis,com.hf.sfm.util.DataSource,../SF110/7_sfmis/
sfmis,com.hf.sfm.util.Loader,../SF110/7_sfmis/
sfmis,com.hf.sfm.util.BasePara,../SF110/7_sfmis/
sfmis,com.hf.sfm.util.HibernateSessionFactory,../SF110/7_sfmis/
sfmis,com.hf.sfm.util.DaoFactory,../SF110/7_sfmis/
templateit,org.templateit.TemplateIt,../SF110/5_templateit/
templateit,org.templateit.TemplateProcessor,../SF110/5_templateit/
templateit,org.templateit.DynamicTemplate,../SF110/5_templateit/
templateit,org.templateit.util.DelimitedFileReader,../SF110/5_templateit/
templateit,org.templateit.Poi2ItextUtil,../SF110/5_templateit/
templateit,org.apache.poi.hssf.usermodel.HSSFDataFormat,../SF110/5_templateit/
templateit,org.templateit.util.FormulaUtil,../SF110/5_templateit/
templateit,org.templateit.PdfWriter,../SF110/5_templateit/
tullibee,com.ib.client.UnderComp,../SF110/1_tullibee/
tullibee,com.ib.client.TickType,../SF110/1_tullibee/
tullibee,com.ib.client.EWrapperMsgGenerator,../SF110/1_tullibee/
tullibee,com.ib.client.TagValue,../SF110/1_tullibee/
tullibee,com.ib.client.ScannerSubscription,../SF110/1_tullibee/
tullibee,com.ib.client.EClientSocket,../SF110/1_tullibee/
tullibee,com.ib.client.ComboLeg,../SF110/1_tullibee/
tullibee,com.ib.client.Order,../SF110/1_tullibee/
tullibee,com.ib.client.Util,../SF110/1_tullibee/
tullibee,com.ib.client.EReader,../SF110/1_tullibee/
tullibee,com.ib.client.Contract,../SF110/1_tullibee/
tullibee,com.ib.client.Execution,../SF110/1_tullibee/
tullibee,com.ib.client.ExecutionFilter,../SF110/1_tullibee/
tullibee,com.ib.client.OrderState,../SF110/1_tullibee/
tullibee,com.ib.client.AnyWrapperMsgGenerator,../SF110/1_tullibee/
rif,com.densebrain.rif.client.service.RIFServiceStub,../SF110/4_rif/
jnfe,br.com.jnfe.base.service.DOMNFeFileReader,../SF110/6_jnfe/